id,note
1,"A sun-drenched opener built for driving with the windows down -- the kind of chorus that makes strangers sing along."
2,"Written for 2 a.m. debugging sessions: a soft beat that keeps your hands moving without pulling focus off the screen."
3,"Recorded live in one take to keep the engine-revving energy raw -- this one wants to be played loud."
4,"Field recordings of actual rain were layered under the piano; the producer says it's 'a study session in a song.'"
5,"Built around a metronome-tight kick drum meant to sync with a treadmill stride -- gym playlists eat this up."
6,"An ambient piece meant to be half-noticed, like staring out a train window at night with no destination."
7,"A warm, brushed-drum jazz number that sounds like the last table in a closing coffee shop."
8,"Neon Echo's moodier side project -- synths pulled from a city that never quite falls asleep."
9,"Made for a 'lo-fi beats to study/relax to' stream; the loop is intentionally unobtrusive."
10,"An indie-pop sleeper hit that started as a rooftop demo and never lost that scrappy, joyful energy."
11,"A hip-hop anthem about building something from nothing, with a hook designed for a full-room singalong."
12,"A solo cello arrangement so sparse it borders on silence -- meant for grief, not background noise."
13,"Peak-hour festival EDM: euphoric drops engineered for a crowd with both hands in the air."
14,"A dusty, road-trip country ballad about the towns you pass through and never quite remember."
15,"A slow-burn R&B duet about texting someone at 1 a.m. you shouldn't be texting."
16,"Down-tuned guitars and a scream that was reportedly recorded in a single furious pass -- not for the faint of heart."
17,"A quiet folk lament about a flooded childhood town, sung almost entirely in a whisper."
18,"A breezy reggae groove that sounds like it was mixed on a beach, because it mostly was."
19,"Delta Mabry's signature bittersweet blues, halfway between a smile and a sigh."
20,"A funk workout built entirely around one impossibly tight bassline -- guaranteed to move a room."
21,"A gospel-soul number that builds from a single voice to a full choir by the final chorus."
22,"Dark, minimal techno meant for a basement club at 3 a.m. -- more pulse than melody."
23,"Glittery disco revivalism with a bassline that refuses to let you sit still."
24,"A triumphant gospel anthem written for a Sunday morning that finally goes right."
